PChome_name,PChome_price,PChome_url,PChome_pic,momo_name,momo_price,momo_url,momo_pic,score
哥特斯 usb三孔免驅筆電外接聲卡 電腦ps5外接3.5mm音頻轉接器,459.0,https://24h.pchome.com.tw/prod/DCADMA-A900HBX0F,https://img.pchome.com.tw/cs/items/DCADMAA900HBX0F/000001_1711093779.jpg?width=320,【哥特斯】usb三孔免驅筆電外接聲卡 電腦ps5外接3.5mm音頻轉接器,454,https://www.momoshop.com.tw/goods/GoodsDetail.jsp?i_code=12683417&Area=search&mdiv=403&oid=1_11&cid=index&kw=3_5mm+%E8%BD%89+usb,https://i1.momoshop.com.tw/1711515849/goodsimg/0012/683/417/12683417_OR_m.webp,25.48083384996953
usbc typec轉3.5mm音樂轉接頭 轉接線 蘋果apple iphone 15 pro max plus系列 samsung lg sony htc typec接口手,299.0,https://24h.pchome.com.tw/prod/DYAPAE-A900GTJSV,https://img.pchome.com.tw/cs/items/DYAPAEA900GTJSV/000001_1699523429.jpg?width=320,【arum】usbc typec轉3.5mm音樂轉接頭 轉接線(iphone 15 pro max plus t ypec接口系列適用),224,https://www.momoshop.com.tw/goods/GoodsDetail.jsp?i_code=12109663&Area=search&mdiv=403&oid=1_29&cid=index&kw=3_5mm+%E8%BD%89+usb,https://i4.momoshop.com.tw/1700125371/goodsimg/0012/109/663/12109663_OR_m.webp,24.60183240728634
台灣霓虹 usb立體聲音效卡轉3.5mm耳麥 usb外接音效卡,188.0,https://24h.pchome.com.tw/prod/DCAC1A-A900C0I8A,https://img.pchome.com.tw/cs/items/DCAC1AA900C0I8A/000001_1637559971.jpg?width=320,【台灣霓虹】usb立體聲音效卡轉3.5mm耳麥,188,https://www.momoshop.com.tw/goods/GoodsDetail.jsp?i_code=9604387&Area=search&mdiv=403&oid=1_3&cid=index&kw=3_5mm+%E8%BD%89+usb,https://i3.momoshop.com.tw/1693152918/goodsimg/0009/604/387/9604387_OR_m.webp,21.14259259201311
usbc typec轉3.5mm音樂加充電轉接頭 一轉二轉接線 蘋果apple iphone 15 pro max plus系列 samsung lg sony htc typ,399.0,https://24h.pchome.com.tw/prod/DYAPAE-A900GTJB4,https://img.pchome.com.tw/cs/items/DYAPAEA900GTJB4/000001_1699518899.jpg?width=320,【arum】usbc typec轉3.5mm音樂轉接頭 轉接線(iphone 15 pro max plus t ypec接口系列適用),224,https://www.momoshop.com.tw/goods/GoodsDetail.jsp?i_code=12109663&Area=search&mdiv=403&oid=1_29&cid=index&kw=3_5mm+%E8%BD%89+usb,https://i4.momoshop.com.tw/1700125371/goodsimg/0012/109/663/12109663_OR_m.webp,18.31951717562503
belkin rochstar 3.5mm 音頻+usbc 充電轉接器(白),1290.0,https://24h.pchome.com.tw/prod/DYBA2P-A900GR07F,https://img.pchome.com.tw/cs/items/DYBA2PA900GR07F/000001_1697702098.jpg?width=320,【belkin】rochstar 3.5mm 音頻+usbc 充電轉接器(白),"1,290",https://www.momoshop.com.tw/goods/GoodsDetail.jsp?i_code=11999352&Area=search&mdiv=403&oid=1_27&cid=index&kw=3_5mm+%E8%BD%89+usb,https://i3.momoshop.com.tw/1697879349/goodsimg/0011/999/352/11999352_OR_m.webp,15.647545435658804
unisync 3.5mm轉usb2.0汽車專用aux音源轉接器,179.0,https://24h.pchome.com.tw/prod/DMAAFY-A900BM34H,https://img.pchome.com.tw/cs/items/DMAAFYA900BM34H/000001_1627525279.jpg?width=320,【unisync】3.5mm轉usb2.0汽車專用aux音源轉接器,145,https://www.momoshop.com.tw/goods/GoodsDetail.jsp?i_code=9162939&Area=search&mdiv=403&oid=1_8&cid=index&kw=3_5mm+%E8%BD%89+usb,https://i1.momoshop.com.tw/1693092629/goodsimg/0009/162/939/9162939_OR_m.webp,13.612452722937967
ziya 智雅科技 頭戴式耳機/耳掛式耳機 轉接線 3.5mm 轉 usbc 高效互動款,450.0,https://24h.pchome.com.tw/prod/DCAYTP-A900H3Q3O,https://img.pchome.com.tw/cs/items/DCAYTPA900H3Q3O/000001_1706061947.jpg?width=320,【ziya】3.5mm母 轉 usbc公 耳機轉用轉接線(高效互動款),360,https://www.momoshop.com.tw/goods/GoodsDetail.jsp?i_code=12499260&Area=search&mdiv=403&oid=1_15&cid=index&kw=3_5mm+%E8%BD%89+usb,https://i3.momoshop.com.tw/1706590859/goodsimg/0012/499/260/12499260_OR_m.webp,13.519575449317074
ziya 智雅科技 3.5mm 耳機轉 usba 專用轉接線 含控制器 高效互動款,420.0,https://24h.pchome.com.tw/prod/DCAC0Z-A900H3RTQ,https://img.pchome.com.tw/cs/items/DCAC0ZA900H3RTQ/000001_1706060756.jpg?width=320,【ziya】3.5mm母 轉 usba公 耳機轉用轉接線(高效互動款),336,https://www.momoshop.com.tw/goods/GoodsDetail.jsp?i_code=12499261&Area=search&mdiv=403&oid=1_18&cid=index&kw=3_5mm+%E8%BD%89+usb,https://i1.momoshop.com.tw/1706590858/goodsimg/0012/499/261/12499261_OR_m.webp,11.999236825638928
jjc 大疆dji副廠osmo靈眸action運動相機usbc轉3.5mm trs和typec轉接頭adoa1(相容原廠cynova),708.0,https://24h.pchome.com.tw/prod/DGBH73-A900HOR8H,https://img.pchome.com.tw/cs/items/DGBH73A900HOR8H/000001_1721964126.jpg?width=320,【google】原廠 usbc數位 轉 3.5mm 耳機轉接頭(密封袋裝),360,https://www.momoshop.com.tw/goods/GoodsDetail.jsp?i_code=8500016&Area=search&mdiv=403&oid=1_30&cid=index&kw=3_5mm+%E8%BD%89+usb,https://i4.momoshop.com.tw/1692979478/goodsimg/0008/500/016/8500016_OR_m.webp,8.674823090158926
sily typec轉hdmi/vga 五合一usbc擴展塢 usb3.0轉接器 hub轉換器 3.5mm音頻轉接頭,699.0,https://24h.pchome.com.tw/prod/DCADJ5-A900GDBHD,https://img.pchome.com.tw/cs/items/DCADJ5A900GDBHD/000001_1685354092.jpg?width=320,【tezure】十合一usb typec hub多功能集線器 轉接器(hdmi/vga/usb3.0/pd快充/sd/tf讀卡/rj45/3.5mm音源),"1,020",https://www.momoshop.com.tw/goods/GoodsDetail.jsp?i_code=11551006&Area=search&mdiv=403&oid=1_23&cid=index&kw=3_5mm+%E8%BD%89+usb,https://i1.momoshop.com.tw/1715835971/goodsimg/0011/551/006/11551006_OR_m.webp,8.544070120500791
台灣霓虹 usb轉dc5.5x2.1mm 5v電源線,145.0,https://24h.pchome.com.tw/prod/DRAF02-A900EO5A2,https://img.pchome.com.tw/cs/items/DRAF02A900EO5A2/000001_1646810881.jpg?width=320,【台灣霓虹】usb立體聲音效卡轉3.5mm耳麥,188,https://www.momoshop.com.tw/goods/GoodsDetail.jsp?i_code=9604387&Area=search&mdiv=403&oid=1_3&cid=index&kw=3_5mm+%E8%BD%89+usb,https://i3.momoshop.com.tw/1693152918/goodsimg/0009/604/387/9604387_OR_m.webp,7.713980740807419
台灣霓虹 usb轉dc3.5x1.35mm 5v電源線,145.0,https://24h.pchome.com.tw/prod/DCACJW-A900BQEYK,https://img.pchome.com.tw/cs/items/DCACJWA900BQEYK/000001_1631072020.jpg?width=320,【台灣霓虹】usb立體聲音效卡轉3.5mm耳麥,188,https://www.momoshop.com.tw/goods/GoodsDetail.jsp?i_code=9604387&Area=search&mdiv=403&oid=1_3&cid=index&kw=3_5mm+%E8%BD%89+usb,https://i3.momoshop.com.tw/1693152918/goodsimg/0009/604/387/9604387_OR_m.webp,7.713980740807419
antian aux車載藍牙適配線 5.1藍牙接收線 3.5mm音頻轉接線 車用usb音頻線,449.0,https://24h.pchome.com.tw/prod/DXAA6S-A900FP12F,https://img.pchome.com.tw/cs/items/DXAA6SA900FP12F/000001_1666936436.jpg?width=320,【vention 威迅】micro usb 轉 3.5mm aux音頻線 1m(bdg系列),239,https://www.momoshop.com.tw/goods/GoodsDetail.jsp?i_code=8785465&Area=search&mdiv=403&oid=1_4&cid=index&kw=3_5mm+%E8%BD%89+usb,https://i1.momoshop.com.tw/1693064453/goodsimg/0008/785/465/8785465_OR_m.webp,6.139750750110313
biaze 畢亞茲 蘋果otg轉接頭 支持充電聽歌 lightning+usb+3.5mm音頻轉換三合一,459.0,https://24h.pchome.com.tw/prod/DCADJ0-A900HQGJ4,https://img.pchome.com.tw/cs/items/DCADJ0A900HQGJ4/000001_1725874054.jpg?width=320,【is】nc02 3.5mm音頻孔+usb2.0多功能轉換充電器,249,https://www.momoshop.com.tw/goods/GoodsDetail.jsp?i_code=11444028&Area=search&mdiv=403&oid=1_6&cid=index&kw=3_5mm+%E8%BD%89+usb,https://i1.momoshop.com.tw/1692475960/goodsimg/0011/444/028/11444028_OR_m.webp,5.166839751988056
wuw 加利王 micro usb 雙l型 手遊神器傳輸充電線(x97)1m,199.0,https://24h.pchome.com.tw/prod/QAAL6K-A9009PFQK,https://img.pchome.com.tw/cs/items/QAAL6KA9009PFQK/000001_1546504409.jpg?width=320,【vention 威迅】micro usb 轉 3.5mm aux音頻線 1m(bdg系列),239,https://www.momoshop.com.tw/goods/GoodsDetail.jsp?i_code=8785465&Area=search&mdiv=403&oid=1_4&cid=index&kw=3_5mm+%E8%BD%89+usb,https://i1.momoshop.com.tw/1693064453/goodsimg/0008/785/465/8785465_OR_m.webp,4.937026666112771
ktnet 廣鐸 gt2 typec 轉 3.5mm 3合1 音源轉接線 附贈type c轉usb轉接頭),299.0,https://24h.pchome.com.tw/prod/DCAC82-A900FTDWG,https://img.pchome.com.tw/cs/items/DCAC82A900FTDWG/000001_1670210605.jpg?width=320,【google】原廠 usbc數位 轉 3.5mm 耳機轉接頭(密封袋裝),360,https://www.momoshop.com.tw/goods/GoodsDetail.jsp?i_code=8500016&Area=search&mdiv=403&oid=1_30&cid=index&kw=3_5mm+%E8%BD%89+usb,https://i4.momoshop.com.tw/1692979478/goodsimg/0008/500/016/8500016_OR_m.webp,4.153060690305581
foreo 洗臉機 美容儀 電源線 充電線 usb轉dc3.5mm(適用潔面儀/藍芽耳機/監視器/音響),210.0,https://24h.pchome.com.tw/prod/DMAHCI-A900HDU37,https://img.pchome.com.tw/cs/items/DMAHCIA900HDU37/000001_1713427023.jpg?width=320,【transcend 創見】drivepro body 3.5mm轉usb typea電源線(tsdbk5),500,https://www.momoshop.com.tw/goods/GoodsDetail.jsp?i_code=12286368&Area=search&mdiv=403&oid=1_16&cid=index&kw=3_5mm+%E8%BD%89+usb,https://i2.momoshop.com.tw/1704177688/goodsimg/0012/286/368/12286368_OR_m.webp,4.153060690305581
ddhifi tc35b 3.5mm單端(母)轉typec(公)解碼音效轉接頭(鋁合金款),1680.0,https://24h.pchome.com.tw/prod/DCAYBL-A900F00P5,https://img.pchome.com.tw/cs/items/DCAYBLA900F00P5/000001_1651807335.jpg?width=320,【google】原廠 usbc數位 轉 3.5mm 耳機轉接頭(密封袋裝),360,https://www.momoshop.com.tw/goods/GoodsDetail.jsp?i_code=8500016&Area=search&mdiv=403&oid=1_30&cid=index&kw=3_5mm+%E8%BD%89+usb,https://i4.momoshop.com.tw/1692979478/goodsimg/0008/500/016/8500016_OR_m.webp,4.153060690305581
ddhifi tc25b usb typec(公)轉2.5mm(母)解碼音效轉接頭,1680.0,https://24h.pchome.com.tw/prod/DCAYBL-A900ENT7P,https://img.pchome.com.tw/cs/items/DCAYBLA900ENT7P/000001_1646640754.jpg?width=320,【google】原廠 usbc數位 轉 3.5mm 耳機轉接頭(密封袋裝),360,https://www.momoshop.com.tw/goods/GoodsDetail.jsp?i_code=8500016&Area=search&mdiv=403&oid=1_30&cid=index&kw=3_5mm+%E8%BD%89+usb,https://i4.momoshop.com.tw/1692979478/goodsimg/0008/500/016/8500016_OR_m.webp,3.525886656805527
wuw 加利王 typec usb 戰斧雙面可插耐拉傳輸充電線(x36)1m,199.0,https://24h.pchome.com.tw/prod/QAAL6N-A9009O91U,https://img.pchome.com.tw/cs/items/QAAL6NA9009O91U/000001_1545357819.jpg?width=320,【ainmax 艾買氏】60cm 一分二音響充電線 usb轉3.5mm音源線(usb 2.0),255,https://www.momoshop.com.tw/goods/GoodsDetail.jsp?i_code=12683427&Area=search&mdiv=403&oid=1_7&cid=index&kw=3_5mm+%E8%BD%89+usb,https://i3.momoshop.com.tw/1711515855/goodsimg/0012/683/427/12683427_OR_m.webp,3.505245882788586
wuw 加利王 micro usb 高速大眾充電線 (x75)90cm,149.0,https://24h.pchome.com.tw/prod/QAAL6J-A9009JD0J,https://img.pchome.com.tw/cs/items/QAAL6JA9009JD0J/000001_1541410179.jpg?width=320,【ainmax 艾買氏】60cm 一分二音響充電線 usb轉3.5mm音源線(usb 2.0),255,https://www.momoshop.com.tw/goods/GoodsDetail.jsp?i_code=12683427&Area=search&mdiv=403&oid=1_7&cid=index&kw=3_5mm+%E8%BD%89+usb,https://i3.momoshop.com.tw/1711515855/goodsimg/0012/683/427/12683427_OR_m.webp,3.505245882788586
wuw 加利王 typec usb 高速大眾充電線 (x76)90cm,149.0,https://24h.pchome.com.tw/prod/QAAL6N-A9009JUUH,https://img.pchome.com.tw/cs/items/QAAL6NA9009JUUH/000001_1541752594.jpg?width=320,【ainmax 艾買氏】60cm 一分二音響充電線 usb轉3.5mm音源線(usb 2.0),255,https://www.momoshop.com.tw/goods/GoodsDetail.jsp?i_code=12683427&Area=search&mdiv=403&oid=1_7&cid=index&kw=3_5mm+%E8%BD%89+usb,https://i3.momoshop.com.tw/1711515855/goodsimg/0012/683/427/12683427_OR_m.webp,3.505245882788586
cyp 西柏影音 西柏 專業級 384khz 高音質3.5mm usb耳機音訊音源擴大機 (cdb6hp),8135.0,https://24h.pchome.com.tw/prod/DMAA5E-A900AL0BJ,https://img.pchome.com.tw/cs/items/DMAA5EA900AL0BJ/000001_1690858324.png?width=320,【魔宙】usb轉3.5mm 電腦/耳機麥克風外置聲卡轉接器,254,https://www.momoshop.com.tw/goods/GoodsDetail.jsp?i_code=12562586&Area=search&mdiv=403&oid=1_12&cid=index&kw=3_5mm+%E8%BD%89+usb,https://i1.momoshop.com.tw/1708664582/goodsimg/0012/562/586/12562586_OR_m.webp,3.2468944314517634
